"","ISO_code","county","date","grocery.pharmacy","parks","residential","retail.recreation","transitstations","workplace","ISO_name"
"1","AT","Overall",2020-02-23,-0.23233,-0.04432,-0.00271,-0.03799,-0.05259,-0.02377,"Austria"
"2","AT","Overall",2020-02-24,-0.09792,-0.25055,-0.00504,-0.08879,-0.03099,-0.02095,"Austria"
"3","AT","Overall",2020-02-25,-0.0961,-0.59695,0.00039,-0.13059,-0.06566,-0.00473,"Austria"
"4","AT","Overall",2020-02-26,-0.10445,-0.08001,0.01365,0.02895,0.01859,0.00124,"Austria"
"5","AT","Overall",2020-02-27,-0.07169,-0.08899,0.00594,-0.00723,-0.00474,-0.01354,"Austria"
"6","AT","Overall",2020-02-28,-0.08784,0.00882,0.00799,0.00591,0.01592,-0.00908,"Austria"
"7","AT","Overall",2020-02-29,-0.02857,-0.08983,0.00324,-0.0234,-0.00081,-0.00545,"Austria"
"8","AT","Overall",2020-03-01,-0.08476,-0.0639,0.00089,0.00382,-0.00717,-0.01554,"Austria"
"9","AT","Overall",2020-03-02,-0.05879,-0.16246,-0.00733,-0.01592,-0.01052,-0.02731,"Austria"
"10","AT","Overall",2020-03-03,-0.03572,0.00655,0.00589,0.01102,0.02993,-0.01921,"Austria"
"11","AT","Overall",2020-03-04,-0.04516,-0.12078,-0.0027,-0.02479,-0.00392,-0.01512,"Austria"
"12","AT","Overall",2020-03-05,-0.02881,-0.0437,-0.00278,-0.01106,0.00114,-0.01481,"Austria"
"13","AT","Overall",2020-03-06,-0.02901,0.06739,0.00448,0.0086,0.02221,-0.01125,"Austria"
"14","AT","Overall",2020-03-07,-9e-05,0.02167,0.00353,-0.04228,0.03487,0.00045,"Austria"
"15","AT","Overall",2020-03-08,-0.14014,-0.41887,-0.01589,-0.13747,-0.0461,-0.0122,"Austria"
"16","AT","Overall",2020-03-09,-0.04169,-0.01851,-0.00175,0.00549,0.02634,-0.01369,"Austria"
"17","AT","Overall",2020-03-10,-0.10479,-0.08748,0.00366,0.02672,0.02928,-0.0094,"Austria"
"18","AT","Overall",2020-03-11,-0.17381,-0.11835,0.01182,0.06497,0.07757,0.01122,"Austria"
"19","AT","Overall",2020-03-12,-0.24128,-0.17982,0.01703,0.09841,0.09337,0.02848,"Austria"
"20","AT","Overall",2020-03-13,-0.46547,0.2029,0.05016,0.19973,0.20007,0.05629,"Austria"
"21","AT","Overall",2020-03-14,0.07487,0.16973,0.08096,0.35286,0.33819,0.09456,"Austria"
"22","AT","Overall",2020-03-15,0.31709,0.12629,0.0769,0.58663,0.42663,0.1837,"Austria"
"23","AT","Overall",2020-03-16,0.14354,0.36992,0.18842,0.70831,0.56509,0.4349,"Austria"
"24","AT","Overall",2020-03-17,0.3161,0.43248,0.23622,0.79507,0.65813,0.55111,"Austria"
"25","AT","Overall",2020-03-18,0.29751,0.23609,0.2398,0.78882,0.64928,0.57623,"Austria"
"26","AT","Overall",2020-03-19,0.28588,0.32173,0.25248,0.79706,0.66904,0.59704,"Austria"
"27","AT","Overall",2020-03-20,0.27578,0.3237,0.257,0.8115,0.68318,0.59565,"Austria"
"28","AT","Overall",2020-03-21,0.39264,0.72882,0.2019,0.87977,0.75588,0.53579,"Austria"
"29","AT","Overall",2020-03-22,0.69091,0.60066,0.15162,0.89762,0.76086,0.54096,"Austria"
"30","AT","Overall",2020-03-23,0.31065,0.57164,0.25216,0.79558,0.71577,0.59975,"Austria"
"31","AT","Overall",2020-03-24,0.32388,0.44362,0.2602,0.80342,0.70684,0.61364,"Austria"
"32","AT","Overall",2020-03-25,0.33907,0.57653,0.26818,0.81476,0.72756,0.61697,"Austria"
"33","AT","Overall",2020-03-26,0.3144,0.5908,0.27509,0.81234,0.72292,0.61867,"Austria"
"34","AT","Overall",2020-03-27,0.26352,0.38643,0.2659,0.79962,0.69776,0.60547,"Austria"
"35","AT","Overall",2020-03-28,0.30559,0.20765,0.16591,0.8261,0.65997,0.48869,"Austria"
"36","AT","Overall",2020-03-29,0.64499,0.42748,0.13697,0.87184,0.71447,0.5136,"Austria"
"37","AT","Overall",2020-03-30,0.31081,0.57292,0.24556,0.77948,0.70744,0.586,"Austria"
"38","AT","Overall",2020-03-31,0.24463,0.47081,0.24703,0.77263,0.69315,0.59155,"Austria"
"39","AT","Overall",2020-04-01,0.29925,0.34105,0.24275,0.77053,0.67089,0.58974,"Austria"
"40","AT","Overall",2020-04-02,0.29028,0.3628,0.24965,0.77103,0.67586,0.59446,"Austria"
"41","AT","Overall",2020-04-03,0.25038,0.45995,0.25717,0.79102,0.68721,0.59307,"Austria"
"42","AT","Overall",2020-04-04,0.30423,0.36204,0.16989,0.82436,0.66899,0.47833,"Austria"
"43","AT","Overall",2020-04-05,0.54908,0.11338,0.11859,0.82153,0.64096,0.46543,"Austria"
"44","BE","Overall",2020-02-23,0.06708,0.27427,0.00374,0.06802,0.02137,0.03851,"Belgium"
"45","BE","Overall",2020-02-24,-0.00075,-0.0663,0.04107,-0.0705,0.10696,0.24314,"Belgium"
"46","BE","Overall",2020-02-25,-0.01528,-0.28784,0.03578,-0.09634,0.08019,0.22586,"Belgium"
"47","BE","Overall",2020-02-26,0.0455,0.0353,0.03006,0.01247,0.11422,0.20585,"Belgium"
"48","BE","Overall",2020-02-27,0.01678,0.15238,0.05699,0.02222,0.15233,0.22914,"Belgium"
"49","BE","Overall",2020-02-28,-0.02976,-0.02985,0.04562,0.00734,0.09771,0.23054,"Belgium"
"50","BE","Overall",2020-02-29,-0.0243,0.07263,0.00795,0.04334,0.02359,0.04551,"Belgium"
"51","BE","Overall",2020-03-01,-0.06067,0.02401,-0.00291,8e-04,-0.05287,0.00591,"Belgium"
"52","BE","Overall",2020-03-02,-0.06516,0.1219,0.0047,0.03587,-0.0014,-0.03097,"Belgium"
"53","BE","Overall",2020-03-03,-0.06458,-0.10785,-0.00018,-0.01802,-0.00785,-0.03555,"Belgium"
"54","BE","Overall",2020-03-04,-0.04143,-0.06703,0.00052,-0.01453,-0.01215,-0.03529,"Belgium"
"55","BE","Overall",2020-03-05,-0.00693,0.15681,0.0154,0.0419,0.01639,-0.01821,"Belgium"
"56","BE","Overall",2020-03-06,-0.04908,-0.0169,0.00716,0.00576,-0.02639,-0.01812,"Belgium"
"57","BE","Overall",2020-03-07,-0.02528,-0.33518,-0.00473,-0.04631,-0.078,-0.01551,"Belgium"
"58","BE","Overall",2020-03-08,-0.00518,0.20883,0.00446,0.01145,0.01779,0.0075,"Belgium"
"59","BE","Overall",2020-03-09,-0.04246,-0.0638,0.00457,0.01192,0.01315,-0.02025,"Belgium"
"60","BE","Overall",2020-03-10,-0.03625,0.047,0.01629,0.04464,0.04199,-0.00714,"Belgium"
"61","BE","Overall",2020-03-11,-0.04067,0.0272,0.01571,0.03537,0.03942,-0.00578,"Belgium"
"62","BE","Overall",2020-03-12,-0.22672,-0.04458,0.02683,0.06876,0.06946,0.01303,"Belgium"
"63","BE","Overall",2020-03-13,-0.39742,0.05379,0.05148,0.08184,0.16412,0.07428,"Belgium"
"64","BE","Overall",2020-03-14,0.082,0.00429,0.11951,0.69802,0.34021,0.26837,"Belgium"
"65","BE","Overall",2020-03-15,0.18031,-0.19864,0.08499,0.656,0.33639,0.28604,"Belgium"
"66","BE","Overall",2020-03-16,-0.15873,-0.06559,0.13966,0.31668,0.43475,0.35933,"Belgium"
"67","BE","Overall",2020-03-17,-0.30478,-0.30606,0.16415,0.35923,0.46165,0.44722,"Belgium"
"68","BE","Overall",2020-03-18,0.11894,-0.0693,0.19847,0.60837,0.56073,0.51923,"Belgium"
"69","BE","Overall",2020-03-19,0.22796,0.19285,0.27054,0.75212,0.66793,0.61153,"Belgium"
"70","BE","Overall",2020-03-20,0.22524,0.49823,0.31004,0.79438,0.7113,0.62244,"Belgium"
"71","BE","Overall",2020-03-21,0.38745,0.34398,0.22151,0.83768,0.67332,0.50799,"Belgium"
"72","BE","Overall",2020-03-22,0.44803,0.20161,0.15416,0.78731,0.63549,0.48302,"Belgium"
"73","BE","Overall",2020-03-23,0.25151,0.19925,0.26343,0.74401,0.69755,0.64859,"Belgium"
"74","BE","Overall",2020-03-24,0.21172,0.08198,0.27339,0.73739,0.69266,0.65833,"Belgium"
"75","BE","Overall",2020-03-25,0.29342,0.18782,0.25935,0.76414,0.69412,0.6496,"Belgium"
"76","BE","Overall",2020-03-26,0.24886,0.2526,0.29365,0.77297,0.71642,0.66401,"Belgium"
"77","BE","Overall",2020-03-27,0.21117,0.27066,0.31528,0.78219,0.7037,0.65396,"Belgium"
"78","BE","Overall",2020-03-28,0.36162,0.37578,0.22073,0.82682,0.67194,0.51391,"Belgium"
"79","BE","Overall",2020-03-29,0.53452,0.6607,0.17202,0.83931,0.76439,0.5196,"Belgium"
"80","BE","Overall",2020-03-30,0.2975,0.35038,0.2707,0.75837,0.71719,0.656,"Belgium"
"81","BE","Overall",2020-03-31,0.25078,0.18108,0.27538,0.74845,0.7073,0.65988,"Belgium"
"82","BE","Overall",2020-04-01,0.31088,0.18037,0.25604,0.75982,0.6938,0.64551,"Belgium"
"83","BE","Overall",2020-04-02,0.26949,0.38476,0.29552,0.77273,0.72847,0.66091,"Belgium"
"84","BE","Overall",2020-04-03,0.21498,0.376,0.31703,0.78721,0.71723,0.6481,"Belgium"
"85","BE","Overall",2020-04-04,0.3162,0.30495,0.21677,0.81792,0.64518,0.49973,"Belgium"
"86","BE","Overall",2020-04-05,0.36155,0.12598,0.14725,0.76513,0.59922,0.46507,"Belgium"
"87","CH","Overall",2020-02-23,-0.1783,-0.27081,-0.0087,-0.13983,-0.12906,-0.00331,"Switzerland"
"88","CH","Overall",2020-02-24,-0.02644,-0.73679,0.00076,-0.0575,-0.07364,0.03296,"Switzerland"
"89","CH","Overall",2020-02-25,-0.05591,-0.17502,0.01332,-0.04147,-0.03001,0.04354,"Switzerland"
"90","CH","Overall",2020-02-26,-0.00332,0.1971,0.02306,0.05462,0.04783,0.04277,"Switzerland"
"91","CH","Overall",2020-02-27,-0.00979,0.22013,0.02419,0.05507,0.04927,0.04528,"Switzerland"
"92","CH","Overall",2020-02-28,-0.08217,-0.16494,0.01708,0.00685,0.00664,0.04486,"Switzerland"
"93","CH","Overall",2020-02-29,-0.04504,0.14154,0.02073,0.05588,0.07145,0.01672,"Switzerland"
"94","CH","Overall",2020-03-01,-0.07641,-0.2864,0.00664,-0.03341,-0.02413,0.01433,"Switzerland"
"95","CH","Overall",2020-03-02,0.01501,0.24299,0.02777,0.0689,0.07053,0.01434,"Switzerland"
"96","CH","Overall",2020-03-03,-0.03629,-0.0697,0.01684,0.01346,0.02762,-0.00013,"Switzerland"
"97","CH","Overall",2020-03-04,-0.00754,-0.07561,0.01408,0.02712,0.02363,0.01206,"Switzerland"
"98","CH","Overall",2020-03-05,0.04011,0.36299,0.03086,0.11329,0.10808,0.02018,"Switzerland"
"99","CH","Overall",2020-03-06,-0.01252,0.11517,0.03056,0.06166,0.0819,0.02048,"Switzerland"
"100","CH","Overall",2020-03-07,-0.02021,0.03344,0.02586,0.04229,0.08575,0.01831,"Switzerland"
"101","CH","Overall",2020-03-08,-0.07296,-0.46713,0.00442,-0.05713,-0.02802,0.03123,"Switzerland"
"102","CH","Overall",2020-03-09,0.0127,0.16688,0.02775,0.07567,0.08491,-0.00355,"Switzerland"
"103","CH","Overall",2020-03-10,0.01187,0.25744,0.03821,0.10065,0.10185,0.01337,"Switzerland"
"104","CH","Overall",2020-03-11,-0.024,-0.10401,0.02625,0.07297,0.06126,0.02262,"Switzerland"
"105","CH","Overall",2020-03-12,-0.07901,0.00919,0.03587,0.11084,0.10722,0.04367,"Switzerland"
"106","CH","Overall",2020-03-13,-0.23535,-0.00722,0.05426,0.12774,0.14826,0.05572,"Switzerland"
"107","CH","Overall",2020-03-14,-0.11943,0.05853,0.07669,0.25102,0.25818,0.07347,"Switzerland"
"108","CH","Overall",2020-03-15,-0.02453,-0.65826,0.04893,0.26858,0.16415,0.13501,"Switzerland"
"109","CH","Overall",2020-03-16,-0.24186,-0.14297,0.1026,0.17297,0.29646,0.19978,"Switzerland"
"110","CH","Overall",2020-03-17,-0.01255,-0.20859,0.16639,0.57045,0.41961,0.32593,"Switzerland"
"111","CH","Overall",2020-03-18,0.03859,-0.22376,0.17841,0.61801,0.45419,0.37759,"Switzerland"
"112","CH","Overall",2020-03-19,0.09529,-0.18839,0.21043,0.65106,0.50932,0.46032,"Switzerland"
"113","CH","Overall",2020-03-20,0.0387,0.11036,0.24173,0.67307,0.55666,0.44849,"Switzerland"
"114","CH","Overall",2020-03-21,0.26055,0.28816,0.19471,0.7776,0.6233,0.43193,"Switzerland"
"115","CH","Overall",2020-03-22,0.49371,0.3964,0.15229,0.81897,0.66517,0.45333,"Switzerland"
"116","CH","Overall",2020-03-23,0.19937,0.18786,0.2215,0.6766,0.5878,0.4587,"Switzerland"
"117","CH","Overall",2020-03-24,0.19312,0.05393,0.2369,0.68741,0.58344,0.48885,"Switzerland"
"118","CH","Overall",2020-03-25,0.18819,0.19623,0.2335,0.69882,0.59287,0.49069,"Switzerland"
"119","CH","Overall",2020-03-26,0.18078,0.22974,0.24498,0.70233,0.60727,0.50165,"Switzerland"
"120","CH","Overall",2020-03-27,0.13079,0.03451,0.25802,0.69213,0.58168,0.48695,"Switzerland"
"121","CH","Overall",2020-03-28,0.18825,-0.18424,0.17169,0.72808,0.53497,0.43034,"Switzerland"
"122","CH","Overall",2020-03-29,0.51163,0.40766,0.15055,0.81238,0.67726,0.46104,"Switzerland"
"123","CH","Overall",2020-03-30,0.2216,0.45817,0.23419,0.70746,0.61756,0.47899,"Switzerland"
"124","CH","Overall",2020-03-31,0.01679,-0.01221,0.22889,0.84028,0.53307,0.48744,"Switzerland"
"125","CH","Overall",2020-04-01,0.05107,-0.06512,0.21957,0.84126,0.52457,0.48284,"Switzerland"
"126","CH","Overall",2020-04-02,0.02714,-0.07686,0.23135,0.84029,0.53469,0.49683,"Switzerland"
"127","CH","Overall",2020-04-03,-0.01897,-0.07665,0.24868,0.79295,0.54218,0.48193,"Switzerland"
"128","CH","Overall",2020-04-04,0.05333,-0.1517,0.16991,0.8242,0.51237,0.4217,"Switzerland"
"129","CH","Overall",2020-04-05,0.25188,-0.41834,0.11722,0.76393,0.47717,0.41604,"Switzerland"
"130","DE","Overall",2020-02-23,-0.0928,0.23631,0.00471,0.00156,-0.02091,0.02616,"Germany"
"131","DE","Overall",2020-02-24,0.047,-0.17174,0.03629,-0.01895,0.0547,0.19876,"Germany"
"132","DE","Overall",2020-02-25,0.00884,-0.14994,0.03551,0.00531,0.05122,0.12688,"Germany"
"133","DE","Overall",2020-02-26,0.00222,0.0021,0.02115,0.03225,0.07053,0.05435,"Germany"
"134","DE","Overall",2020-02-27,-0.02816,0.03426,0.01984,0.05161,0.04901,0.04394,"Germany"
"135","DE","Overall",2020-02-28,-0.1106,-0.08605,0.01598,-0.02629,0.0243,0.04884,"Germany"
"136","DE","Overall",2020-02-29,-0.05189,-0.09262,0.00723,0.01232,-0.01005,0.00618,"Germany"
"137","DE","Overall",2020-03-01,-0.18135,-0.21408,0.00076,-0.08298,-0.04337,-0.00584,"Germany"
"138","DE","Overall",2020-03-02,-0.08403,-0.09009,0.00151,-0.0174,0.01178,-0.00256,"Germany"
"139","DE","Overall",2020-03-03,-0.05006,-0.08274,0.01349,0.00209,0.03497,-0.00175,"Germany"
"140","DE","Overall",2020-03-04,-0.0242,-0.1357,0.00975,-0.0163,0.03583,-0.00077,"Germany"
"141","DE","Overall",2020-03-05,-0.00136,9e-04,0.01369,0.03967,0.05084,0.00152,"Germany"
"142","DE","Overall",2020-03-06,-0.00588,0.10515,0.02093,0.0324,0.07098,0.01487,"Germany"
"143","DE","Overall",2020-03-07,0.00184,-0.18648,0.00785,-0.00846,0.017,-0.00244,"Germany"
"144","DE","Overall",2020-03-08,-0.18931,-0.3054,-0.001,-0.12174,-0.01703,-0.00803,"Germany"
"145","DE","Overall",2020-03-09,-0.01969,-0.0697,0.00784,0.00924,0.04902,0.00825,"Germany"
"146","DE","Overall",2020-03-10,0.01768,0.127,0.02752,0.07493,0.08477,0.01232,"Germany"
"147","DE","Overall",2020-03-11,-0.02486,-0.16902,0.0166,0.00986,0.06571,0.01213,"Germany"
"148","DE","Overall",2020-03-12,-0.06132,-0.0387,0.02307,0.06579,0.09442,0.0216,"Germany"
"149","DE","Overall",2020-03-13,-0.19039,0.02684,0.03606,0.09264,0.14672,0.04489,"Germany"
"150","DE","Overall",2020-03-14,-0.09386,-0.32769,0.03734,0.17136,0.18784,0.03169,"Germany"
"151","DE","Overall",2020-03-15,-0.13155,-0.75096,0.02441,0.12274,0.15969,0.05034,"Germany"
"152","DE","Overall",2020-03-16,-0.21574,-0.4006,0.05919,0.06979,0.25091,0.1753,"Germany"
"153","DE","Overall",2020-03-17,-0.11237,-0.30997,0.1008,0.21225,0.34819,0.24965,"Germany"
"154","DE","Overall",2020-03-18,-0.04647,-0.44109,0.11364,0.34393,0.39361,0.29721,"Germany"
"155","DE","Overall",2020-03-19,0.02978,-0.15164,0.13593,0.45036,0.45844,0.33363,"Germany"
"156","DE","Overall",2020-03-20,0.01619,0.13965,0.15979,0.50042,0.51826,0.36285,"Germany"
"157","DE","Overall",2020-03-21,0.24436,0.30614,0.13424,0.68873,0.59111,0.30752,"Germany"
"158","DE","Overall",2020-03-22,0.35283,-0.01302,0.09591,0.7152,0.57765,0.34103,"Germany"
"159","DE","Overall",2020-03-23,0.1559,0.05403,0.16281,0.56962,0.56231,0.40925,"Germany"
"160","DE","Overall",2020-03-24,0.18149,-0.08794,0.18137,0.59481,0.56307,0.42766,"Germany"
"161","DE","Overall",2020-03-25,0.17998,-0.11124,0.17639,0.58564,0.56512,0.4326,"Germany"
"162","DE","Overall",2020-03-26,0.16085,-0.03298,0.18201,0.59198,0.56955,0.43808,"Germany"
"163","DE","Overall",2020-03-27,0.14427,-0.20707,0.18624,0.58614,0.56356,0.43906,"Germany"
"164","DE","Overall",2020-03-28,0.21027,-0.33335,0.11935,0.66198,0.53399,0.32859,"Germany"
"165","DE","Overall",2020-03-29,0.50843,0.4934,0.10781,0.7748,0.68183,0.38894,"Germany"
"166","DE","Overall",2020-03-30,0.15915,0.12552,0.16652,0.54369,0.5621,0.43178,"Germany"
"167","DE","Overall",2020-03-31,0.11783,-0.07411,0.1749,0.53433,0.5291,0.43148,"Germany"
"168","DE","Overall",2020-04-01,0.12932,-0.20407,0.16551,0.52033,0.52848,0.43017,"Germany"
"169","DE","Overall",2020-04-02,0.11475,-0.05966,0.17343,0.53848,0.54459,0.43516,"Germany"
"170","DE","Overall",2020-04-03,0.11006,0.13165,0.18838,0.56957,0.57046,0.43875,"Germany"
"171","DE","Overall",2020-04-04,0.15904,-0.20611,0.11828,0.6273,0.52316,0.31316,"Germany"
"172","DE","Overall",2020-04-05,0.13033,-0.60612,0.07621,0.58249,0.46693,0.30258,"Germany"
"173","DK","Overall",2020-02-23,0.01766,0.08569,0.00387,-0.01068,-0.00441,-0.00046,"Denmark"
"174","DK","Overall",2020-02-24,0.00544,-0.12287,0.00397,0.01742,-0.01686,-0.02472,"Denmark"
"175","DK","Overall",2020-02-25,0.02667,0.03767,0.00776,0.03355,-0.00862,-0.02682,"Denmark"
"176","DK","Overall",2020-02-26,0.021,-0.01266,0.00645,0.02059,-0.00295,-0.02855,"Denmark"
"177","DK","Overall",2020-02-27,-0.01501,-0.20626,0.00065,-0.01731,-0.02491,-0.0251,"Denmark"
"178","DK","Overall",2020-02-28,-0.01148,-0.2348,-0.00818,-0.17192,-0.05672,-0.02078,"Denmark"
"179","DK","Overall",2020-02-29,0.03587,0.17117,-0.00147,-0.10231,-0.04581,-0.00309,"Denmark"
"180","DK","Overall",2020-03-01,0.07458,0.04934,-0.00475,-0.21079,-0.04578,-0.00975,"Denmark"
"181","DK","Overall",2020-03-02,0.0528,-0.27646,0.00063,-0.1138,-0.0102,-0.01802,"Denmark"
"182","DK","Overall",2020-03-03,0.05092,-0.08707,0.00195,-0.0972,0.01421,-0.02378,"Denmark"
"183","DK","Overall",2020-03-04,0.05405,-0.16303,0.00272,-0.09336,-0.00813,-0.02155,"Denmark"
"184","DK","Overall",2020-03-05,0.03119,-0.30267,-0.00196,-0.10192,0.00547,-0.01856,"Denmark"
"185","DK","Overall",2020-03-06,0.03429,-0.11141,0.00418,-0.06742,0.01688,-0.00918,"Denmark"
"186","DK","Overall",2020-03-07,0.01893,-0.47487,-0.00738,-0.10443,-0.06745,-0.00515,"Denmark"
"187","DK","Overall",2020-03-08,0.08244,0.07322,0.00244,-0.11034,0.00819,0.02135,"Denmark"
"188","DK","Overall",2020-03-09,0.05435,-0.13616,0.01031,-0.05238,0.02795,-0.00222,"Denmark"
"189","DK","Overall",2020-03-10,0.03882,0.05609,0.01777,-0.03005,0.07484,-0.00361,"Denmark"
"190","DK","Overall",2020-03-11,-0.05331,-0.24938,0.01877,-0.0526,0.10431,0.01144,"Denmark"
"191","DK","Overall",2020-03-12,-0.22436,0.16516,0.11617,0.10656,0.35813,0.27686,"Denmark"
"192","DK","Overall",2020-03-13,0.07354,-0.02186,0.16187,0.27637,0.48117,0.43905,"Denmark"
"193","DK","Overall",2020-03-14,0.08786,-0.85691,0.07629,0.30702,0.3628,0.15932,"Denmark"
"194","DK","Overall",2020-03-15,0.23927,0.08049,0.08065,0.33331,0.49874,0.22443,"Denmark"
"195","DK","Overall",2020-03-16,0.13633,-0.49896,0.16707,0.24442,0.52237,0.50393,"Denmark"
"196","DK","Overall",2020-03-17,0.04302,-0.38091,0.17679,0.24974,0.5484,0.51992,"Denmark"
"197","DK","Overall",2020-03-18,0.20681,-0.11464,0.20209,0.41532,0.60707,0.5427,"Denmark"
"198","DK","Overall",2020-03-19,0.20001,-1.03681,0.19508,0.39414,0.57659,0.55212,"Denmark"
"199","DK","Overall",2020-03-20,0.2248,-0.64517,0.20677,0.43642,0.62494,0.55983,"Denmark"
"200","DK","Overall",2020-03-21,0.2059,-0.85584,0.11011,0.47597,0.54702,0.27329,"Denmark"
"201","DK","Overall",2020-03-22,0.2526,-0.48816,0.08941,0.38485,0.59575,0.28339,"Denmark"
"202","DK","Overall",2020-03-23,0.20286,-0.54546,0.18679,0.35628,0.60356,0.55211,"Denmark"
"203","DK","Overall",2020-03-24,0.18425,-0.61113,0.19092,0.36278,0.59891,0.55256,"Denmark"
"204","DK","Overall",2020-03-25,0.18297,-0.66924,0.19127,0.3671,0.59511,0.54713,"Denmark"
"205","DK","Overall",2020-03-26,0.16662,-0.91353,0.19072,0.3618,0.593,0.54894,"Denmark"
"206","DK","Overall",2020-03-27,0.17736,-0.95683,0.19376,0.38981,0.61017,0.55139,"Denmark"
"207","DK","Overall",2020-03-28,0.13972,-0.7936,0.10257,0.42988,0.55872,0.27597,"Denmark"
"208","DK","Overall",2020-03-29,0.21567,-0.35106,0.08875,0.37057,0.60436,0.28223,"Denmark"
"209","DK","Overall",2020-03-30,0.18474,-0.52885,0.1811,0.32582,0.59114,0.54293,"Denmark"
"210","DK","Overall",2020-03-31,0.04417,-0.70489,0.17276,0.22805,0.53631,0.5341,"Denmark"
"211","DK","Overall",2020-04-01,0.1241,-0.13251,0.18656,0.31924,0.58314,0.53973,"Denmark"
"212","DK","Overall",2020-04-02,0.13299,-0.11301,0.19547,0.33965,0.61071,0.54638,"Denmark"
"213","DK","Overall",2020-04-03,0.10298,-0.318,0.1928,0.35273,0.60674,0.54599,"Denmark"
"214","DK","Overall",2020-04-04,0.08427,-0.59506,0.09697,0.38385,0.52733,0.24732,"Denmark"
"215","DK","Overall",2020-04-05,0.1157,-1.18457,0.06521,0.21853,0.49055,0.22722,"Denmark"
"216","ES","Overall",2020-02-23,-0.10407,-0.32756,-0.03149,-0.07099,-0.11365,-0.01058,"Spain"
"217","ES","Overall",2020-02-24,-0.03018,-0.35581,-0.00239,-0.04627,-0.04477,0.06939,"Spain"
"218","ES","Overall",2020-02-25,0.0055,-0.17232,0.00527,0.02036,-0.03479,0.06228,"Spain"
"219","ES","Overall",2020-02-26,-0.04468,-0.10527,-0.00284,0.00448,-0.01181,0.00314,"Spain"
"220","ES","Overall",2020-02-27,-0.07787,-0.15617,-0.01519,-0.03999,-0.05701,-0.00736,"Spain"
"221","ES","Overall",2020-02-28,0.06781,-0.32644,0.00217,0.00636,-0.02282,0.11334,"Spain"
"222","ES","Overall",2020-02-29,-0.03884,-0.18676,-0.01204,0.01075,-0.05606,0.0134,"Spain"
"223","ES","Overall",2020-03-01,-0.05932,-0.05871,-0.02259,-0.0213,-0.0505,-0.01203,"Spain"
"224","ES","Overall",2020-03-02,-0.01293,0.06952,0.00753,0.02925,0.02589,0.03134,"Spain"
"225","ES","Overall",2020-03-03,-0.02623,0.02606,-0.00144,0.02751,-0.00617,-0.02947,"Spain"
"226","ES","Overall",2020-03-04,-0.04007,-0.09264,-0.00382,0.00079,-0.01613,-0.0275,"Spain"
"227","ES","Overall",2020-03-05,-0.02179,-0.01564,-0.00192,0.01397,-0.00245,-0.01712,"Spain"
"228","ES","Overall",2020-03-06,-0.02116,-0.0027,0.00012,0.01517,0.00256,0.00526,"Spain"
"229","ES","Overall",2020-03-07,-0.00822,-0.16586,-0.00949,0.01253,-0.04162,-0.00672,"Spain"
"230","ES","Overall",2020-03-08,-0.06746,-0.19107,-0.01791,-0.03549,-0.08242,-0.00996,"Spain"
"231","ES","Overall",2020-03-09,-0.0419,-0.11845,-0.0061,0.01357,-0.00438,-0.02614,"Spain"
"232","ES","Overall",2020-03-10,-0.17824,-0.12199,-0.00419,0.02649,0.01289,-0.01909,"Spain"
"233","ES","Overall",2020-03-11,-0.167,-0.1654,0.0109,0.04962,0.08557,0.02316,"Spain"
"234","ES","Overall",2020-03-12,-0.27309,-0.01097,0.0269,0.13123,0.1602,0.05286,"Spain"
"235","ES","Overall",2020-03-13,-0.32992,0.21687,0.08368,0.328,0.32389,0.17124,"Spain"
"236","ES","Overall",2020-03-14,0.07847,0.44224,0.14232,0.69372,0.52011,0.30815,"Spain"
"237","ES","Overall",2020-03-15,0.4955,0.75767,0.1684,0.87171,0.70724,0.4802,"Spain"
"238","ES","Overall",2020-03-16,0.33121,0.71773,0.22854,0.80337,0.7074,0.52347,"Spain"
"239","ES","Overall",2020-03-17,0.38804,0.73539,0.25472,0.83307,0.74412,0.58617,"Spain"
"240","ES","Overall",2020-03-18,0.3623,0.73188,0.26378,0.83659,0.76311,0.60516,"Spain"
"241","ES","Overall",2020-03-19,0.57934,0.77033,0.30854,0.8774,0.79735,0.70785,"Spain"
"242","ES","Overall",2020-03-20,0.39283,0.78665,0.31898,0.86897,0.79609,0.65709,"Spain"
"243","ES","Overall",2020-03-21,0.5355,0.86657,0.25852,0.91785,0.8393,0.62636,"Spain"
"244","ES","Overall",2020-03-22,0.73339,0.89554,0.22322,0.93826,0.87453,0.65557,"Spain"
"245","ES","Overall",2020-03-23,0.46508,0.77466,0.27778,0.8497,0.80774,0.65008,"Spain"
"246","ES","Overall",2020-03-24,0.50428,0.78678,0.29241,0.86743,0.81457,0.67041,"Spain"
"247","ES","Overall",2020-03-25,0.51104,0.78496,0.29968,0.87086,0.82011,0.67468,"Spain"
"248","ES","Overall",2020-03-26,0.51698,0.78543,0.30507,0.87341,0.82352,0.6798,"Spain"
"249","ES","Overall",2020-03-27,0.49436,0.80489,0.33465,0.88254,0.82948,0.67664,"Spain"
"250","ES","Overall",2020-03-28,0.56888,0.86351,0.26119,0.92008,0.85612,0.63874,"Spain"
"251","ES","Overall",2020-03-29,0.76421,0.89166,0.21786,0.93866,0.88311,0.63956,"Spain"
"252","ES","Overall",2020-03-30,0.55472,0.80528,0.30813,0.88689,0.84269,0.73791,"Spain"
"253","ES","Overall",2020-03-31,0.5481,0.82428,0.322,0.92387,0.84312,0.75704,"Spain"
"254","ES","Overall",2020-04-01,0.52873,0.81347,0.32667,0.92242,0.84439,0.75309,"Spain"
"255","ES","Overall",2020-04-02,0.51688,0.80741,0.3317,0.9177,0.84116,0.75292,"Spain"
"256","ES","Overall",2020-04-03,0.48273,0.81609,0.35727,0.89265,0.84341,0.74375,"Spain"
"257","ES","Overall",2020-04-04,0.55853,0.86503,0.26453,0.92203,0.85877,0.6548,"Spain"
"258","ES","Overall",2020-04-05,0.7666,0.89628,0.22676,0.94325,0.89067,0.67655,"Spain"
"259","FR","Overall",2020-02-23,-0.07028,-0.30102,-0.01365,-0.08464,-0.11638,0.00884,"France"
"260","FR","Overall",2020-02-24,-0.03242,-0.45445,0.03132,-0.02582,0.01185,0.1526,"France"
"261","FR","Overall",2020-02-25,-0.01391,-0.2328,0.03543,-0.01207,0.02655,0.14388,"France"
"262","FR","Overall",2020-02-26,0.01601,-0.0947,0.02607,0.05302,0.05246,0.12124,"France"
"263","FR","Overall",2020-02-27,0.00662,-0.00812,0.04081,0.05344,0.05201,0.15176,"France"
"264","FR","Overall",2020-02-28,-0.01306,-0.14589,0.04141,0.00792,0.00469,0.14643,"France"
"265","FR","Overall",2020-02-29,-0.01062,0.11609,0.0112,0.07268,-0.03781,0.04619,"France"
"266","FR","Overall",2020-03-01,-0.03977,0.13329,-0.00029,-0.01078,-0.01521,-0.01258,"France"
"267","FR","Overall",2020-03-02,-0.03481,0.09479,0.02725,0.0592,0.04437,0.05354,"France"
"268","FR","Overall",2020-03-03,-0.04689,-0.07744,0.01922,0.01394,0.03722,0.04203,"France"
"269","FR","Overall",2020-03-04,-0.01986,-0.00982,0.01895,0.05842,0.05762,0.03202,"France"
"270","FR","Overall",2020-03-05,0.00205,0.15442,0.0258,0.07756,0.06051,0.05041,"France"
"271","FR","Overall",2020-03-06,-0.01868,0.00719,0.02524,0.02109,0.01307,0.04465,"France"
"272","FR","Overall",2020-03-07,-0.01111,-0.07199,0.00761,0.04193,-0.01413,0.00319,"France"
"273","FR","Overall",2020-03-08,-0.02244,0.00562,0.0064,-0.00485,0.02243,0.00591,"France"
"274","FR","Overall",2020-03-09,-0.02241,-0.02304,0.01595,0.04552,0.05007,0.00603,"France"
"275","FR","Overall",2020-03-10,-0.01297,-0.01021,0.01742,0.04671,0.05794,0.00638,"France"
"276","FR","Overall",2020-03-11,-0.01627,-0.16676,0.01347,0.05754,0.05108,0.00337,"France"
"277","FR","Overall",2020-03-12,-0.0539,-0.05191,0.01465,0.07999,0.06584,0.00999,"France"
"278","FR","Overall",2020-03-13,-0.16778,-0.04437,0.02881,0.07513,0.07776,0.02155,"France"
"279","FR","Overall",2020-03-14,-0.01496,0.00969,0.04734,0.21313,0.16242,0.05189,"France"
"280","FR","Overall",2020-03-15,-0.22602,-0.14678,0.03501,0.37818,0.21474,0.08588,"France"
"281","FR","Overall",2020-03-16,-0.46106,0.15396,0.13475,0.42894,0.386,0.3598,"France"
"282","FR","Overall",2020-03-17,0.15239,0.40324,0.23666,0.68022,0.61108,0.55299,"France"
"283","FR","Overall",2020-03-18,0.45513,0.52783,0.28916,0.82854,0.75646,0.67307,"France"
"284","FR","Overall",2020-03-19,0.40972,0.56413,0.32009,0.82549,0.78371,0.70619,"France"
"285","FR","Overall",2020-03-20,0.41931,0.65654,0.36097,0.83385,0.80594,0.71018,"France"
"286","FR","Overall",2020-03-21,0.54411,0.7807,0.24483,0.88062,0.81893,0.5824,"France"
"287","FR","Overall",2020-03-22,0.63773,0.80093,0.18066,0.86342,0.83871,0.54842,"France"
"288","FR","Overall",2020-03-23,0.4079,0.64487,0.32016,0.81382,0.8188,0.73078,"France"
"289","FR","Overall",2020-03-24,0.4493,0.65191,0.33821,0.82672,0.82251,0.74031,"France"
"290","FR","Overall",2020-03-25,0.4852,0.66835,0.31693,0.84433,0.82738,0.73059,"France"
"291","FR","Overall",2020-03-26,0.45902,0.66919,0.34004,0.83772,0.83133,0.74018,"France"
"292","FR","Overall",2020-03-27,0.45849,0.67984,0.37389,0.83715,0.83676,0.73125,"France"
"293","FR","Overall",2020-03-28,0.55711,0.76285,0.24541,0.87553,0.83114,0.58993,"France"
"294","FR","Overall",2020-03-29,0.72567,0.81937,0.18207,0.88117,0.86774,0.56556,"France"
"295","FR","Overall",2020-03-30,0.46657,0.65716,0.3259,0.83698,0.83371,0.73662,"France"
"296","FR","Overall",2020-03-31,0.37703,0.61497,0.33429,0.89704,0.81725,0.736,"France"
"297","FR","Overall",2020-04-01,0.39098,0.61996,0.3098,0.90464,0.81385,0.71549,"France"
"298","FR","Overall",2020-04-02,0.3579,0.6171,0.33359,0.89827,0.81931,0.72884,"France"
"299","FR","Overall",2020-04-03,0.37883,0.65854,0.36699,0.8564,0.82175,0.71886,"France"
"300","FR","Overall",2020-04-04,0.45354,0.73319,0.23921,0.88481,0.80129,0.57102,"France"
"301","FR","Overall",2020-04-05,0.61679,0.73418,0.17515,0.8555,0.82137,0.52631,"France"
"302","GB","Overall",2020-02-23,0.0217,0.04555,-0.00313,0.00745,-0.02891,0.00827,"United_Kingdom"
"303","GB","Overall",2020-02-24,0.00715,0.08567,0.01405,0.03253,0.02182,0.02073,"United_Kingdom"
"304","GB","Overall",2020-02-25,-0.04227,-0.03412,0.00375,0.00775,-0.00616,-0.00573,"United_Kingdom"
"305","GB","Overall",2020-02-26,0.00277,-0.05691,0.00492,-0.00547,0.00663,-0.00669,"United_Kingdom"
"306","GB","Overall",2020-02-27,-0.00886,-0.07644,0.00484,-0.02213,-0.00079,-0.0019,"United_Kingdom"
"307","GB","Overall",2020-02-28,-0.00862,0.12759,0.01005,-0.00548,-5e-04,0.00674,"United_Kingdom"
"308","GB","Overall",2020-02-29,-0.00922,0.14245,0.00488,-0.01097,0.02323,-0.00384,"United_Kingdom"
"309","GB","Overall",2020-03-01,-0.01837,-0.14245,-0.007,-0.06664,-0.05363,-0.01343,"United_Kingdom"
"310","GB","Overall",2020-03-02,-0.03926,-0.13795,0.00124,-0.04499,4e-05,-0.00688,"United_Kingdom"
"311","GB","Overall",2020-03-03,-0.02587,-0.11366,0.00138,-0.02189,0.0099,-0.00883,"United_Kingdom"
"312","GB","Overall",2020-03-04,-0.0339,-0.01973,0.00579,-0.01926,0.0161,-0.008,"United_Kingdom"
"313","GB","Overall",2020-03-05,-0.0199,-0.01182,0.00708,0.00956,0.02849,-0.0042,"United_Kingdom"
"314","GB","Overall",2020-03-06,-0.05662,-0.22266,0.00125,-0.04709,-0.01189,-0.00613,"United_Kingdom"
"315","GB","Overall",2020-03-07,-0.01633,-0.06877,0.00022,0.00241,0.00507,-0.01351,"United_Kingdom"
"316","GB","Overall",2020-03-08,-0.02471,-0.15354,-0.00606,-0.03888,-0.02056,-0.01181,"United_Kingdom"
"317","GB","Overall",2020-03-09,-0.03676,-0.04197,0.00799,-0.00066,0.03271,-0.00065,"United_Kingdom"
"318","GB","Overall",2020-03-10,-0.04957,-0.03561,0.01082,0.01646,0.03999,0.00328,"United_Kingdom"
"319","GB","Overall",2020-03-11,-0.04849,-0.09594,0.01275,0.00161,0.05584,0.00339,"United_Kingdom"
"320","GB","Overall",2020-03-12,-0.10747,-0.05434,0.01655,0.01459,0.08139,0.01454,"United_Kingdom"
"321","GB","Overall",2020-03-13,-0.11275,-0.12494,0.02357,0.02188,0.09339,0.03954,"United_Kingdom"
"322","GB","Overall",2020-03-14,-0.07357,-0.00714,0.02435,0.10136,0.15168,0.0218,"United_Kingdom"
"323","GB","Overall",2020-03-15,-0.07003,0.01046,0.01871,0.10769,0.15989,0.03981,"United_Kingdom"
"324","GB","Overall",2020-03-16,-0.20087,-0.29393,0.03667,0.03014,0.16483,0.08724,"United_Kingdom"
"325","GB","Overall",2020-03-17,-0.20819,-0.06355,0.07492,0.15284,0.27094,0.16432,"United_Kingdom"
"326","GB","Overall",2020-03-18,-0.22442,0.03187,0.10422,0.21114,0.33885,0.22742,"United_Kingdom"
"327","GB","Overall",2020-03-19,-0.24158,-0.02442,0.11469,0.21474,0.36775,0.26914,"United_Kingdom"
"328","GB","Overall",2020-03-20,-0.09906,-0.06214,0.12754,0.28378,0.39581,0.28895,"United_Kingdom"
"329","GB","Overall",2020-03-21,-0.01295,-0.01691,0.10816,0.49794,0.46236,0.25286,"United_Kingdom"
"330","GB","Overall",2020-03-22,0.13571,-0.19626,0.08565,0.56504,0.46115,0.30025,"United_Kingdom"
"331","GB","Overall",2020-03-23,0.08065,-0.01421,0.17228,0.45196,0.52583,0.45557,"United_Kingdom"
"332","GB","Overall",2020-03-24,0.2366,0.14485,0.23678,0.70909,0.64264,0.58314,"United_Kingdom"
"333","GB","Overall",2020-03-25,0.25886,0.1188,0.26222,0.73421,0.68041,0.64089,"United_Kingdom"
"334","GB","Overall",2020-03-26,0.28109,0.10992,0.27092,0.74363,0.69922,0.66166,"United_Kingdom"
"335","GB","Overall",2020-03-27,0.28834,0.26384,0.28273,0.75882,0.70771,0.66482,"United_Kingdom"
"336","GB","Overall",2020-03-28,0.38819,0.54458,0.19718,0.83287,0.74088,0.57252,"United_Kingdom"
"337","GB","Overall",2020-03-29,0.45731,0.52445,0.15465,0.84897,0.7481,0.55396,"United_Kingdom"
"338","GB","Overall",2020-03-30,0.32292,0.32551,0.26678,0.74167,0.72657,0.69048,"United_Kingdom"
"339","GB","Overall",2020-03-31,0.30083,0.20763,0.27285,0.74216,0.7173,0.69608,"United_Kingdom"
"340","GB","Overall",2020-04-01,0.32131,0.28553,0.28235,0.7548,0.73085,0.69517,"United_Kingdom"
"341","GB","Overall",2020-04-02,0.31565,0.245,0.28548,0.75386,0.73584,0.69778,"United_Kingdom"
"342","GB","Overall",2020-04-03,0.29978,0.24971,0.28967,0.75899,0.71978,0.68754,"United_Kingdom"
"343","GB","Overall",2020-04-04,0.36275,0.37712,0.19274,0.8151,0.717,0.56841,"United_Kingdom"
"344","GB","Overall",2020-04-05,0.41064,0.28589,0.14861,0.82048,0.70511,0.53693,"United_Kingdom"
"345","GR","Overall",2020-02-23,-0.06571,-0.21758,-0.00401,-0.06851,-0.05983,-0.04189,"Greece"
"346","GR","Overall",2020-02-24,-0.02525,-0.26858,-0.00887,-0.05399,-0.07912,-0.03257,"Greece"
"347","GR","Overall",2020-02-25,-0.04493,-0.13138,-0.0082,-0.0052,-0.05028,-0.03348,"Greece"
"348","GR","Overall",2020-02-26,-0.12402,-0.14924,-0.00847,-0.02387,-0.04519,-0.03344,"Greece"
"349","GR","Overall",2020-02-27,-0.21756,-0.07603,-0.00667,-0.02779,-0.06955,-0.02936,"Greece"
"350","GR","Overall",2020-02-28,-0.17978,-0.07292,-0.0024,-0.00406,-0.07947,-0.01466,"Greece"
"351","GR","Overall",2020-02-29,-0.1972,-0.19151,-0.00097,-0.01692,-0.00904,-0.01081,"Greece"
"352","GR","Overall",2020-03-01,-0.31081,-0.84238,-0.01296,-0.2224,0.01347,-0.04638,"Greece"
"353","GR","Overall",2020-03-02,0.57159,-1.51974,0.03578,-0.11415,0.13671,0.67308,"Greece"
"354","GR","Overall",2020-03-03,-0.06815,-0.04654,-0.01357,0.04393,-0.05204,-0.01985,"Greece"
"355","GR","Overall",2020-03-04,-0.03843,0.00305,0.00414,0.02537,-0.00077,-0.03551,"Greece"
"356","GR","Overall",2020-03-05,-0.06543,-0.10746,0.00062,0.00303,-0.03599,-0.03509,"Greece"
"357","GR","Overall",2020-03-06,-0.03882,-0.08884,0.00718,0.0245,0.00915,-0.02605,"Greece"
"358","GR","Overall",2020-03-07,-0.01589,-0.05262,0.02,0.04361,0.06352,-0.0245,"Greece"
"359","GR","Overall",2020-03-08,-0.02398,-0.04518,0.02507,0.04148,0.07046,-0.01649,"Greece"
"360","GR","Overall",2020-03-09,-0.0143,0.09429,0.02338,0.10024,0.09546,0.00697,"Greece"
"361","GR","Overall",2020-03-10,-0.13405,-0.01436,0.00775,0.05529,0.04589,-0.01468,"Greece"
"362","GR","Overall",2020-03-11,-0.15759,-0.13219,0.04097,0.06428,0.13126,0.11462,"Greece"
"363","GR","Overall",2020-03-12,-0.21457,-0.14994,0.05318,0.12173,0.17179,0.13977,"Greece"
"364","GR","Overall",2020-03-13,-0.29493,-0.05716,0.08661,0.25322,0.26011,0.19147,"Greece"
"365","GR","Overall",2020-03-14,-0.11296,-0.0055,0.10806,0.54441,0.35247,0.25798,"Greece"
"366","GR","Overall",2020-03-15,0.13831,0.2531,0.13762,0.68922,0.47652,0.37105,"Greece"
"367","GR","Overall",2020-03-16,0.02357,0.28057,0.16238,0.53198,0.50761,0.39221,"Greece"
"368","GR","Overall",2020-03-17,0.13855,0.24687,0.17284,0.54188,0.5217,0.44073,"Greece"
"369","GR","Overall",2020-03-18,0.19632,0.21564,0.19244,0.64408,0.58625,0.48331,"Greece"
"370","GR","Overall",2020-03-19,0.15472,0.22597,0.20132,0.65129,0.5964,0.49401,"Greece"
"371","GR","Overall",2020-03-20,0.11846,0.26234,0.22342,0.669,0.60719,0.49967,"Greece"
"372","GR","Overall",2020-03-21,0.2413,0.32203,0.17743,0.7221,0.60727,0.44558,"Greece"
"373","GR","Overall",2020-03-22,-0.58721,0.40915,0.1581,0.72095,0.62809,0.41224,"Greece"
"374","GR","Overall",2020-03-23,0.28935,0.61417,0.24692,0.77006,0.74361,0.57355,"Greece"
"375","GR","Overall",2020-03-24,0.12191,0.59753,0.24796,0.76052,0.73063,0.58401,"Greece"
"376","GR","Overall",2020-03-25,0.8512,0.67352,0.33311,0.86145,0.85662,0.84384,"Greece"
"377","GR","Overall",2020-03-26,0.201,0.65386,0.26025,0.77762,0.75891,0.58135,"Greece"
"378","GR","Overall",2020-03-27,0.23188,0.67085,0.28944,0.79063,0.76849,0.58483,"Greece"
"379","GR","Overall",2020-03-28,0.23688,0.63169,0.22603,0.80036,0.74086,0.52515,"Greece"
"380","GR","Overall",2020-03-29,0.41515,0.54751,0.20144,0.80187,0.76136,0.53241,"Greece"
"381","GR","Overall",2020-03-30,0.17311,0.32138,0.22092,0.66197,0.68478,0.54521,"Greece"
"382","GR","Overall",2020-03-31,0.17538,0.4763,0.2293,0.70745,0.69604,0.55664,"Greece"
"383","GR","Overall",2020-04-01,0.23265,0.54438,0.24154,0.73392,0.7195,0.56984,"Greece"
"384","GR","Overall",2020-04-02,0.17553,0.48647,0.24159,0.72119,0.70393,0.56934,"Greece"
"385","GR","Overall",2020-04-03,0.16368,0.57631,0.27242,0.7795,0.73014,0.56936,"Greece"
"386","GR","Overall",2020-04-04,0.27764,0.73637,0.23508,0.84279,0.78178,0.54139,"Greece"
"387","GR","Overall",2020-04-05,0.4469,0.69985,0.21236,0.85239,0.80276,0.55533,"Greece"
"388","IT","Overall",2020-02-23,-0.16097,-0.23102,-0.00053,0.05321,-0.05668,-0.01039,"Italy"
"389","IT","Overall",2020-02-24,-0.23049,-0.22029,0.04057,0.04188,0.14728,0.13808,"Italy"
"390","IT","Overall",2020-02-25,-0.05021,-0.19674,0.0525,0.05968,0.1832,0.15111,"Italy"
"391","IT","Overall",2020-02-26,0.04901,0.05883,0.05701,0.13321,0.22806,0.12421,"Italy"
"392","IT","Overall",2020-02-27,0.0281,0.01197,0.05703,0.09629,0.2176,0.11868,"Italy"
"393","IT","Overall",2020-02-28,0.02317,-0.10541,0.05132,0.08008,0.19714,0.11754,"Italy"
"394","IT","Overall",2020-02-29,0.02055,-0.02298,0.03387,0.09951,0.16084,0.08568,"Italy"
"395","IT","Overall",2020-03-01,0.05297,0.29828,0.04263,0.18906,0.25722,0.05323,"Italy"
"396","IT","Overall",2020-03-02,0.06681,0.26136,0.0498,0.1344,0.24555,0.08544,"Italy"
"397","IT","Overall",2020-03-03,0.00941,0.08664,0.04285,0.06966,0.20722,0.08144,"Italy"
"398","IT","Overall",2020-03-04,-0.00673,-0.07909,0.03907,0.07308,0.18814,0.08039,"Italy"
"399","IT","Overall",2020-03-05,-0.00413,0.11704,0.0698,0.12314,0.2768,0.15825,"Italy"
"400","IT","Overall",2020-03-06,-0.00306,0.0777,0.07762,0.1479,0.28558,0.16697,"Italy"
"401","IT","Overall",2020-03-07,-0.01215,-0.01884,0.0602,0.19309,0.23916,0.15126,"Italy"
"402","IT","Overall",2020-03-08,-0.0257,-0.01227,0.06005,0.31595,0.27023,0.10463,"Italy"
"403","IT","Overall",2020-03-09,0.00816,0.2395,0.11412,0.30083,0.42452,0.23872,"Italy"
"404","IT","Overall",2020-03-10,0.02205,0.3194,0.15709,0.4309,0.50826,0.31301,"Italy"
"405","IT","Overall",2020-03-11,0.14413,0.31822,0.18679,0.52048,0.56781,0.37202,"Italy"
"406","IT","Overall",2020-03-12,0.23299,0.60649,0.24327,0.70373,0.67237,0.46828,"Italy"
"407","IT","Overall",2020-03-13,0.27722,0.63851,0.27581,0.74854,0.70957,0.52923,"Italy"
"408","IT","Overall",2020-03-14,0.42669,0.78398,0.25019,0.83471,0.76231,0.57763,"Italy"
"409","IT","Overall",2020-03-15,0.5979,0.81215,0.22118,0.90265,0.80235,0.55343,"Italy"
"410","IT","Overall",2020-03-16,0.36555,0.6747,0.27192,0.75117,0.74496,0.57751,"Italy"
"411","IT","Overall",2020-03-17,0.40927,0.68124,0.2859,0.77178,0.7565,0.60704,"Italy"
"412","IT","Overall",2020-03-18,0.43481,0.7077,0.2961,0.78851,0.76911,0.61395,"Italy"
"413","IT","Overall",2020-03-19,0.43675,0.74053,0.30748,0.79124,0.78082,0.62746,"Italy"
"414","IT","Overall",2020-03-20,0.40112,0.77389,0.32144,0.79956,0.78401,0.63325,"Italy"
"415","IT","Overall",2020-03-21,0.51561,0.85263,0.26517,0.86011,0.80485,0.62689,"Italy"
"416","IT","Overall",2020-03-22,0.84742,0.91568,0.24257,0.94909,0.86995,0.63502,"Italy"
"417","IT","Overall",2020-03-23,0.4547,0.8094,0.31656,0.80214,0.81086,0.68127,"Italy"
"418","IT","Overall",2020-03-24,0.48037,0.80263,0.32515,0.81489,0.80709,0.69266,"Italy"
"419","IT","Overall",2020-03-25,0.51426,0.8247,0.33662,0.83403,0.82042,0.70278,"Italy"
"420","IT","Overall",2020-03-26,0.51953,0.84127,0.35304,0.8429,0.83272,0.72407,"Italy"
"421","IT","Overall",2020-03-27,0.458,0.8244,0.36031,0.82871,0.82256,0.71342,"Italy"
"422","IT","Overall",2020-03-28,0.53754,0.85791,0.27389,0.86635,0.8165,0.64986,"Italy"
"423","IT","Overall",2020-03-29,0.84899,0.90319,0.23908,0.94615,0.86679,0.63364,"Italy"
"424","IT","Overall",2020-03-30,0.46866,0.79396,0.31961,0.81364,0.80786,0.69405,"Italy"
"425","IT","Overall",2020-03-31,0.42463,0.7779,0.32664,0.90537,0.79333,0.70285,"Italy"
"426","IT","Overall",2020-04-01,0.41222,0.77213,0.32962,0.9052,0.7869,0.69673,"Italy"
"427","IT","Overall",2020-04-02,0.4028,0.77384,0.337,0.90147,0.78893,0.69765,"Italy"
"428","IT","Overall",2020-04-03,0.37545,0.78525,0.34701,0.85065,0.79553,0.691,"Italy"
"429","IT","Overall",2020-04-04,0.4777,0.84548,0.26902,0.8863,0.80048,0.63192,"Italy"
"430","IT","Overall",2020-04-05,0.82206,0.89984,0.2406,0.95278,0.85985,0.62334,"Italy"
"431","NL","Overall",2020-02-23,0.10566,0.26363,0.00411,-0.00513,-0.01691,0.02572,"Netherlands"
"432","NL","Overall",2020-02-24,0.07467,-0.03559,0.03188,-0.09482,0.04462,0.20855,"Netherlands"
"433","NL","Overall",2020-02-25,-0.07747,-0.35052,0.02301,-0.15963,0.03845,0.16837,"Netherlands"
"434","NL","Overall",2020-02-26,0.00183,-0.08846,0.02139,-0.02905,0.06939,0.13294,"Netherlands"
"435","NL","Overall",2020-02-27,0.01906,0.08634,0.02937,0.0114,0.07626,0.12836,"Netherlands"
"436","NL","Overall",2020-02-28,-0.01538,-0.10824,0.02051,-0.0223,0.05025,0.12882,"Netherlands"
"437","NL","Overall",2020-02-29,-0.00972,0.06281,0.00808,0.03176,0.02664,0.02154,"Netherlands"
"438","NL","Overall",2020-03-01,-0.03567,-0.02395,0.00167,-0.03337,-0.0164,-0.00735,"Netherlands"
"439","NL","Overall",2020-03-02,0.01841,0.12138,0.01113,0.06089,0.01393,-0.01544,"Netherlands"
"440","NL","Overall",2020-03-03,-0.05944,-0.20211,0.00342,-0.02244,0.01996,-0.02296,"Netherlands"
"441","NL","Overall",2020-03-04,-0.02654,-0.21299,0.00174,-0.01614,0.00934,-0.02823,"Netherlands"
"442","NL","Overall",2020-03-05,0.0123,0.10987,0.01167,0.05439,0.03418,-0.02039,"Netherlands"
"443","NL","Overall",2020-03-06,-0.03592,-0.09818,0.00718,-0.00657,0.00751,-0.01868,"Netherlands"
"444","NL","Overall",2020-03-07,-0.01811,-0.38858,-0.00277,-0.02231,-0.02546,-0.00285,"Netherlands"
"445","NL","Overall",2020-03-08,-0.0133,0.05453,0.0083,0.01377,0.02677,0.00213,"Netherlands"
"446","NL","Overall",2020-03-09,-0.01628,-0.05872,0.01173,0.02556,0.04281,-0.00988,"Netherlands"
"447","NL","Overall",2020-03-10,-0.01651,0.05869,0.02476,0.06926,0.06377,0.01038,"Netherlands"
"448","NL","Overall",2020-03-11,-0.04305,-0.18259,0.0212,0.02275,0.07709,0.02172,"Netherlands"
"449","NL","Overall",2020-03-12,-0.11871,0.05111,0.03727,0.08622,0.11678,0.03264,"Netherlands"
"450","NL","Overall",2020-03-13,-0.23675,0.01955,0.06494,0.12288,0.25716,0.11167,"Netherlands"
"451","NL","Overall",2020-03-14,-0.08004,-0.20671,0.0583,0.18812,0.27859,0.0621,"Netherlands"
"452","NL","Overall",2020-03-15,-0.10637,-0.15436,0.05412,0.31675,0.32972,0.10662,"Netherlands"
"453","NL","Overall",2020-03-16,-0.15844,-0.32954,0.13588,0.25084,0.48638,0.37909,"Netherlands"
"454","NL","Overall",2020-03-17,-0.11378,-0.51213,0.15888,0.28748,0.53985,0.44039,"Netherlands"
"455","NL","Overall",2020-03-18,-0.03149,-0.34173,0.15542,0.34627,0.55321,0.44217,"Netherlands"
"456","NL","Overall",2020-03-19,-0.00961,-0.03119,0.1866,0.40603,0.61043,0.47312,"Netherlands"
"457","NL","Overall",2020-03-20,0.03002,0.05742,0.18528,0.44942,0.60581,0.45074,"Netherlands"
"458","NL","Overall",2020-03-21,0.08559,-0.24369,0.12092,0.48755,0.53936,0.26373,"Netherlands"
"459","NL","Overall",2020-03-22,0.1727,-0.1475,0.0956,0.59618,0.5722,0.31463,"Netherlands"
"460","NL","Overall",2020-03-23,0.089,-0.0374,0.1828,0.3765,0.64821,0.49593,"Netherlands"
"461","NL","Overall",2020-03-24,0.08878,-0.24599,0.19763,0.42328,0.65246,0.51907,"Netherlands"
"462","NL","Overall",2020-03-25,0.14662,-0.27332,0.18307,0.44896,0.63704,0.50757,"Netherlands"
"463","NL","Overall",2020-03-26,0.13814,-0.11305,0.20778,0.47556,0.66072,0.52642,"Netherlands"
"464","NL","Overall",2020-03-27,0.14065,-0.21606,0.19721,0.48504,0.63739,0.49497,"Netherlands"
"465","NL","Overall",2020-03-28,0.18574,-0.00735,0.13434,0.54399,0.60708,0.3018,"Netherlands"
"466","NL","Overall",2020-03-29,0.29354,0.29747,0.10986,0.6503,0.6782,0.35008,"Netherlands"
"467","NL","Overall",2020-03-30,0.20736,0.08234,0.19352,0.43938,0.67587,0.52255,"Netherlands"
"468","NL","Overall",2020-03-31,0.12703,-0.40671,0.19243,0.40537,0.64541,0.52332,"Netherlands"
"469","NL","Overall",2020-04-01,0.16468,-0.16076,0.18054,0.4362,0.64419,0.5006,"Netherlands"
"470","NL","Overall",2020-04-02,0.16059,0.04259,0.20721,0.47202,0.6749,0.52027,"Netherlands"
"471","NL","Overall",2020-04-03,0.13212,-0.00578,0.19612,0.48086,0.6533,0.48737,"Netherlands"
"472","NL","Overall",2020-04-04,0.1583,-0.13265,0.12633,0.50854,0.57245,0.28501,"Netherlands"
"473","NL","Overall",2020-04-05,0.16266,-0.41293,0.08329,0.54173,0.52032,0.28942,"Netherlands"
"474","NO","Overall",2020-02-23,-0.09387,0.0025,-0.01823,0.00863,-0.07221,0.01809,"Norway"
"475","NO","Overall",2020-02-24,-0.00608,-0.21161,0.00258,-0.0091,-0.02842,0.04683,"Norway"
"476","NO","Overall",2020-02-25,-0.01287,-0.13377,0.00519,-0.01317,0.00603,0.03994,"Norway"
"477","NO","Overall",2020-02-26,-0.01762,-0.23279,0.00091,-0.0172,-0.01238,0.03865,"Norway"
"478","NO","Overall",2020-02-27,-0.0255,-0.14378,0.0072,-0.00962,0.00336,0.05022,"Norway"
"479","NO","Overall",2020-02-28,-0.03038,-0.19827,0.00646,-0.01206,-0.01363,0.05248,"Norway"
"480","NO","Overall",2020-02-29,0.01201,-0.0239,0.00172,0.04165,-0.01623,0.01638,"Norway"
"481","NO","Overall",2020-03-01,-0.02175,0.30255,0.00317,0.09748,0.01023,0.01206,"Norway"
"482","NO","Overall",2020-03-02,-0.02175,-0.03906,0.00783,0.0173,-0.0021,0.01577,"Norway"
"483","NO","Overall",2020-03-03,-0.01097,-0.06484,0.00548,0.01032,0.01936,0.01256,"Norway"
"484","NO","Overall",2020-03-04,-0.0098,-0.08663,0.00868,0.02996,-0.00894,0.01733,"Norway"
"485","NO","Overall",2020-03-05,-0.04023,-0.26077,0.00212,-0.00275,-0.03198,0.01905,"Norway"
"486","NO","Overall",2020-03-06,-0.03247,-0.18199,0.00441,0.0243,-0.01613,0.01736,"Norway"
"487","NO","Overall",2020-03-07,-0.00366,-0.29176,0.00126,0.06612,-0.01203,0.01532,"Norway"
"488","NO","Overall",2020-03-08,0.01967,0.37542,0.0074,0.1074,0.0868,0.02002,"Norway"
"489","NO","Overall",2020-03-09,-0.01914,-0.1122,0.01056,0.03732,0.01708,0.01657,"Norway"
"490","NO","Overall",2020-03-10,-0.02384,0.03959,0.01673,0.05156,0.06959,0.01324,"Norway"
"491","NO","Overall",2020-03-11,-0.09185,-0.10317,0.02519,0.061,0.08663,0.02622,"Norway"
"492","NO","Overall",2020-03-12,-0.51564,0.01111,0.05327,0.06496,0.2017,0.10573,"Norway"
"493","NO","Overall",2020-03-13,-0.04704,-0.02965,0.14423,0.3367,0.38964,0.35593,"Norway"
"494","NO","Overall",2020-03-14,0.09438,-0.26438,0.08177,0.47148,0.36965,0.23001,"Norway"
"495","NO","Overall",2020-03-15,0.3856,0.49937,0.10713,0.71322,0.53692,0.27094,"Norway"
"496","NO","Overall",2020-03-16,0.08918,-0.21729,0.17604,0.39247,0.48767,0.47616,"Norway"
"497","NO","Overall",2020-03-17,0.14953,-0.10169,0.19261,0.44491,0.53528,0.51042,"Norway"
"498","NO","Overall",2020-03-18,0.15457,-0.18385,0.20091,0.4601,0.54979,0.51713,"Norway"
"499","NO","Overall",2020-03-19,0.11383,-0.24443,0.20384,0.43964,0.55847,0.52422,"Norway"
"500","NO","Overall",2020-03-20,0.12172,-0.30933,0.21078,0.44223,0.55484,0.51738,"Norway"
"501","NO","Overall",2020-03-21,0.09847,-0.80558,0.09208,0.49382,0.42387,0.33181,"Norway"
"502","NO","Overall",2020-03-22,0.32153,0.08216,0.11795,0.65467,0.56743,0.34236,"Norway"
"503","NO","Overall",2020-03-23,0.13681,0.01065,0.19565,0.41089,0.57742,0.52054,"Norway"
"504","NO","Overall",2020-03-24,0.14053,0.07644,0.20287,0.44812,0.58832,0.52639,"Norway"
"505","NO","Overall",2020-03-25,0.1261,-0.00265,0.20243,0.44576,0.57935,0.5189,"Norway"
"506","NO","Overall",2020-03-26,0.10428,-0.28953,0.19886,0.43394,0.56224,0.51797,"Norway"
"507","NO","Overall",2020-03-27,0.09387,-0.16513,0.20735,0.42137,0.57345,0.50348,"Norway"
"508","NO","Overall",2020-03-28,0.08117,-0.29027,0.102,0.46673,0.50196,0.33181,"Norway"
"509","NO","Overall",2020-03-29,0.31617,0.04751,0.11462,0.64669,0.57463,0.34284,"Norway"
"510","NO","Overall",2020-03-30,0.11014,-0.37068,0.17992,0.3658,0.52772,0.50891,"Norway"
"511","NO","Overall",2020-03-31,0.06646,-0.23479,0.18294,0.35648,0.52279,0.50676,"Norway"
"512","NO","Overall",2020-04-01,0.05582,-0.17856,0.18541,0.36329,0.53617,0.502,"Norway"
"513","NO","Overall",2020-04-02,0.03751,0.07385,0.19812,0.36986,0.58159,0.50552,"Norway"
"514","NO","Overall",2020-04-03,0.03387,-0.12908,0.1949,0.34825,0.53399,0.4904,"Norway"
"515","NO","Overall",2020-04-04,0.02997,-0.31915,0.09197,0.3974,0.4569,0.31015,"Norway"
"516","NO","Overall",2020-04-05,0.22171,-0.14181,0.10685,0.60539,0.52289,0.31943,"Norway"
"517","PT","Overall",2020-02-23,-0.04585,-0.54757,-0.03855,-0.08283,-0.15858,-0.01063,"Portugal"
"518","PT","Overall",2020-02-24,-0.12295,-0.79665,0.03492,-0.18501,0.02613,0.2778,"Portugal"
"519","PT","Overall",2020-02-25,0.00067,-0.33226,0.15881,0.0221,0.24543,0.65472,"Portugal"
"520","PT","Overall",2020-02-26,-0.03951,-0.24714,0.02302,0.00044,-0.02086,0.12616,"Portugal"
"521","PT","Overall",2020-02-27,-0.05509,-0.2685,-0.00452,-0.04442,-0.05693,-0.00427,"Portugal"
"522","PT","Overall",2020-02-28,-0.09593,-0.24571,-0.01009,-0.02092,-0.06332,-0.00766,"Portugal"
"523","PT","Overall",2020-02-29,-0.06713,0.04946,0.00546,0.00126,-0.02996,-0.01027,"Portugal"
"524","PT","Overall",2020-03-01,-0.02618,0.33119,0.02199,0.07585,0.01346,0.00479,"Portugal"
"525","PT","Overall",2020-03-02,-0.08856,-0.08147,0.00044,-0.02547,-0.0402,-0.03499,"Portugal"
"526","PT","Overall",2020-03-03,-0.06939,0.02602,0.00185,0.00664,-0.01264,-0.02657,"Portugal"
"527","PT","Overall",2020-03-04,-0.07093,-0.15299,-0.00436,-0.02164,-0.05105,-0.02456,"Portugal"
"528","PT","Overall",2020-03-05,-0.08038,-0.13767,-0.00449,-0.0301,-0.04704,-0.02295,"Portugal"
"529","PT","Overall",2020-03-06,-0.06954,-0.13843,-0.00775,-0.00061,-0.0489,-0.01783,"Portugal"
"530","PT","Overall",2020-03-07,-0.043,-0.27238,-0.01251,-0.03204,-0.0726,-0.01702,"Portugal"
"531","PT","Overall",2020-03-08,-0.0575,0.04489,-0.00036,0.00931,-0.01411,-0.01319,"Portugal"
"532","PT","Overall",2020-03-09,-0.11303,-0.20761,0.00557,0.00042,-0.00296,-0.01938,"Portugal"
"533","PT","Overall",2020-03-10,-0.17062,-0.19987,0.00433,-0.00135,0.00028,-0.01049,"Portugal"
"534","PT","Overall",2020-03-11,-0.26322,-0.28731,0.00796,0.01212,0.01231,0.00348,"Portugal"
"535","PT","Overall",2020-03-12,-0.28238,-0.10264,0.03576,0.0868,0.10881,0.04261,"Portugal"
"536","PT","Overall",2020-03-13,-0.22862,0.10115,0.08962,0.26661,0.23886,0.10984,"Portugal"
"537","PT","Overall",2020-03-14,0.09557,0.3152,0.12941,0.47413,0.32952,0.15493,"Portugal"
"538","PT","Overall",2020-03-15,0.3256,0.58326,0.1481,0.62411,0.45788,0.23199,"Portugal"
"539","PT","Overall",2020-03-16,0.15887,0.39933,0.2192,0.4985,0.5099,0.40932,"Portugal"
"540","PT","Overall",2020-03-17,0.19627,0.44459,0.24206,0.54082,0.5615,0.47714,"Portugal"
"541","PT","Overall",2020-03-18,0.18864,0.38375,0.24487,0.5496,0.57029,0.5066,"Portugal"
"542","PT","Overall",2020-03-19,0.36022,0.53202,0.2979,0.66788,0.67979,0.5749,"Portugal"
"543","PT","Overall",2020-03-20,0.41615,0.69697,0.35885,0.77255,0.73502,0.60488,"Portugal"
"544","PT","Overall",2020-03-21,0.47637,0.7141,0.2569,0.80611,0.71587,0.55415,"Portugal"
"545","PT","Overall",2020-03-22,0.57599,0.72359,0.21595,0.83038,0.7449,0.51465,"Portugal"
"546","PT","Overall",2020-03-23,0.42501,0.59534,0.32436,0.7377,0.74282,0.61779,"Portugal"
"547","PT","Overall",2020-03-24,0.40215,0.59785,0.3277,0.73574,0.74077,0.63134,"Portugal"
"548","PT","Overall",2020-03-25,0.41565,0.58702,0.32421,0.73798,0.74525,0.63393,"Portugal"
"549","PT","Overall",2020-03-26,0.42202,0.60291,0.33424,0.74086,0.75544,0.64034,"Portugal"
"550","PT","Overall",2020-03-27,0.38899,0.62986,0.36283,0.75115,0.75555,0.6339,"Portugal"
"551","PT","Overall",2020-03-28,0.46814,0.72457,0.25112,0.79346,0.74004,0.55405,"Portugal"
"552","PT","Overall",2020-03-29,0.59471,0.80053,0.21825,0.83472,0.78486,0.5272,"Portugal"
"553","PT","Overall",2020-03-30,0.44595,0.71031,0.33383,0.74531,0.77667,0.63253,"Portugal"
"554","PT","Overall",2020-03-31,0.36058,0.68403,0.3295,0.71908,0.74886,0.63742,"Portugal"
"555","PT","Overall",2020-04-01,0.39794,0.67334,0.32973,0.72887,0.76082,0.64293,"Portugal"
"556","PT","Overall",2020-04-02,0.35491,0.57387,0.32759,0.70293,0.74142,0.64295,"Portugal"
"557","PT","Overall",2020-04-03,0.33994,0.60905,0.35564,0.72536,0.74804,0.63682,"Portugal"
"558","PT","Overall",2020-04-04,0.43887,0.77674,0.25233,0.78112,0.75357,0.55548,"Portugal"
"559","PT","Overall",2020-04-05,0.59636,0.87707,0.23198,0.84296,0.82451,0.55021,"Portugal"
"560","SE","Overall",2020-02-23,-0.00063,-0.23391,-0.00134,-0.01914,-0.00254,0.00563,"Sweden"
"561","SE","Overall",2020-02-24,-0.00377,-0.23533,0.00781,-0.01706,0.03115,0.04346,"Sweden"
"562","SE","Overall",2020-02-25,-0.08775,-0.08374,0.00657,-0.08132,0.02545,0.03844,"Sweden"
"563","SE","Overall",2020-02-26,-0.01915,-0.04301,0.00927,-0.04848,0.04987,0.04284,"Sweden"
"564","SE","Overall",2020-02-27,-0.04088,-0.1037,0.00916,-0.07374,0.0248,0.05037,"Sweden"
"565","SE","Overall",2020-02-28,-0.01645,-0.16077,0.00997,-0.06666,0.00958,0.06227,"Sweden"
"566","SE","Overall",2020-02-29,-0.03568,-0.08147,-0.00151,-0.0768,-0.0454,-0.00197,"Sweden"
"567","SE","Overall",2020-03-01,0.02106,0.06912,0.00746,0.00772,0.05556,0.0245,"Sweden"
"568","SE","Overall",2020-03-02,-0.02002,-0.10117,0.00913,-0.01102,0.02852,0.01951,"Sweden"
"569","SE","Overall",2020-03-03,-0.01879,-0.0487,0.00847,-0.00091,0.04146,0.01597,"Sweden"
"570","SE","Overall",2020-03-04,0.0055,0.02172,0.01421,0.02363,0.05287,0.01839,"Sweden"
"571","SE","Overall",2020-03-05,-0.02534,-0.07637,0.00998,-0.00473,0.0368,0.01725,"Sweden"
"572","SE","Overall",2020-03-06,-0.01304,-0.23937,0.00991,-0.022,0.00752,0.02035,"Sweden"
"573","SE","Overall",2020-03-07,-0.03901,-0.36017,0.00048,-0.05,-0.05885,-0.00332,"Sweden"
"574","SE","Overall",2020-03-08,0.01885,0.00256,0.00509,-0.00789,0.05767,0.01348,"Sweden"
"575","SE","Overall",2020-03-09,-0.00249,-0.08206,0.01121,0.02217,0.04779,0.00392,"Sweden"
"576","SE","Overall",2020-03-10,-0.00642,-0.03186,0.01065,0.03589,0.05752,-0.00234,"Sweden"
"577","SE","Overall",2020-03-11,-0.03985,-0.09582,0.01587,0.04362,0.07337,0.01253,"Sweden"
"578","SE","Overall",2020-03-12,-0.11182,0.1656,0.03831,0.11574,0.15857,0.04458,"Sweden"
"579","SE","Overall",2020-03-13,-0.08008,0.03553,0.05704,0.13108,0.19444,0.09553,"Sweden"
"580","SE","Overall",2020-03-14,-0.09217,-0.58854,0.03439,0.16623,0.13376,0.05739,"Sweden"
"581","SE","Overall",2020-03-15,0.01928,0.15072,0.04528,0.24936,0.30274,0.09906,"Sweden"
"582","SE","Overall",2020-03-16,-0.03119,-0.10768,0.07648,0.18569,0.25236,0.16728,"Sweden"
"583","SE","Overall",2020-03-17,-0.0039,-0.02458,0.09512,0.2442,0.31674,0.21214,"Sweden"
"584","SE","Overall",2020-03-18,0.03287,-0.00639,0.11431,0.26148,0.36746,0.26918,"Sweden"
"585","SE","Overall",2020-03-19,0.01914,-0.39592,0.11058,0.22254,0.34939,0.27606,"Sweden"
"586","SE","Overall",2020-03-20,0.05044,-0.1073,0.11735,0.23798,0.37516,0.28145,"Sweden"
"587","SE","Overall",2020-03-21,0.04942,-0.66435,0.0562,0.26298,0.27587,0.13063,"Sweden"
"588","SE","Overall",2020-03-22,0.08664,-0.57086,0.04833,0.26526,0.32794,0.14853,"Sweden"
"589","SE","Overall",2020-03-23,0.08376,-0.07902,0.11009,0.24754,0.38195,0.27394,"Sweden"
"590","SE","Overall",2020-03-24,0.07391,-0.22255,0.11267,0.25264,0.37393,0.27574,"Sweden"
"591","SE","Overall",2020-03-25,-0.0054,-0.24999,0.10913,0.18765,0.36347,0.27594,"Sweden"
"592","SE","Overall",2020-03-26,0.02053,-0.48354,0.11061,0.18377,0.35197,0.2843,"Sweden"
"593","SE","Overall",2020-03-27,0.04603,-0.4267,0.1116,0.18729,0.35318,0.28632,"Sweden"
"594","SE","Overall",2020-03-28,0.04081,-0.52437,0.05823,0.23655,0.29532,0.14576,"Sweden"
"595","SE","Overall",2020-03-29,0.09798,-0.42687,0.05445,0.24019,0.36464,0.17795,"Sweden"
"596","SE","Overall",2020-03-30,0.09603,-0.07902,0.11227,0.22493,0.39215,0.2908,"Sweden"
"597","SE","Overall",2020-03-31,0.06973,-0.27489,0.11059,0.21988,0.37359,0.28733,"Sweden"
"598","SE","Overall",2020-04-01,0.04899,-0.27469,0.11162,0.22459,0.37755,0.28753,"Sweden"
"599","SE","Overall",2020-04-02,0.07512,0.05909,0.12838,0.26672,0.42627,0.30196,"Sweden"
"600","SE","Overall",2020-04-03,0.06782,-0.0567,0.1263,0.25135,0.40714,0.30664,"Sweden"
"601","SE","Overall",2020-04-04,0.05392,-0.57533,0.0628,0.26517,0.31705,0.16099,"Sweden"
"602","SE","Overall",2020-04-05,0.09016,-0.69566,0.05718,0.24912,0.37335,0.17924,"Sweden"
